cpse_material_code,description,specification,unit_of_measure,category,cpse_name,nominal_price
SAIL-DEMO-PIPE-401,CARBON STEEL SEAMLESS PIPE 50 MM SCH40 ASTM A106 GR B,ASTM A106 GR B DN50 SCH40,MTR,PIPE,SAIL,1225
SAIL-DEMO-VALVE-402,GATE VALVE 50 MM CLASS 150 CARBON STEEL BODY,API 600 ASTM A216 WCB,NOS,VALVE,SAIL,17950
SAIL-DEMO-PUMP-403,CENTRIFUGAL PUMP 10 HP 3 PHASE 415 V,IS 1520 10 HP 3 PHASE,NOS,PUMP,SAIL,73200
SAIL-DEMO-BEARING-404,DEEP GROOVE BALL BEARING 6308 2RS C3 BORE 40 MM,ISO 15 6308 2RS C3,NOS,BEARING,SAIL,2250
SAIL-DEMO-FASTENER-405,HEX HEAD BOLT M16 X 60 MM GRADE 8.8,ISO 4014 GRADE 8.8,NOS,FASTENER,SAIL,80
SAIL-DEMO-CABLE-406,COPPER XLPE ARMOURED CABLE 4 CORE 16 SQ MM 1.1 KV,IS 7098 PART 1,MTR,CABLE,SAIL,515
SAIL-DEMO-MOTOR-407,THREE PHASE INDUCTION MOTOR 15 KW 415 V 1440 RPM IE3,IEC 60034 IE3,NOS,MOTOR,SAIL,66500
SAIL-DEMO-FLANGE-408,WELD NECK FLANGE 50 MM CLASS 150 ASTM A105,ASME B16.5 ASTM A105,NOS,FLANGE,SAIL,1360
SAIL-DEMO-GASKET-409,SPIRAL WOUND GASKET 50 MM CLASS 150 SS304 GRAPHITE,ASME B16.20 SS304 GRAPHITE,NOS,GASKET,SAIL,735
SAIL-DEMO-FILTER-410,CARTRIDGE FILTER 10 MICRON 25 MM CONNECTION SS316,10 MICRON SS316 25 MM,NOS,FILTER,SAIL,3090
